{
  "hash": "94f20051",
  "configHash": "00be1c80",
  "lockfileHash": "ac9b31ca",
  "browserHash": "4bcdfc3b",
  "optimized": {
    "@angular/common": {
      "src": "../../../../../../node_modules/@angular/common/fesm2022/common.mjs",
      "file": "@angular_common.js",
      "fileHash": "faf13547",
      "needsInterop": false
    },
    "@angular/core": {
      "src": "../../../../../../node_modules/@angular/core/fesm2022/core.mjs",
      "file": "@angular_core.js",
      "fileHash": "415e0b33",
      "needsInterop": false
    },
    "@angular/forms": {
      "src": "../../../../../../node_modules/@angular/forms/fesm2022/forms.mjs",
      "file": "@angular_forms.js",
      "fileHash": "4ae335ed",
      "needsInterop": false
    },
    "@angular/platform-browser": {
      "src": "../../../../../../node_modules/@angular/platform-browser/fesm2022/platform-browser.mjs",
      "file": "@angular_platform-browser.js",
      "fileHash": "979bc14e",
      "needsInterop": false
    },
    "@angular/router": {
      "src": "../../../../../../node_modules/@angular/router/fesm2022/router.mjs",
      "file": "@angular_router.js",
      "fileHash": "d9efe080",
      "needsInterop": false
    },
    "rxjs": {
      "src": "../../../../../../node_modules/rxjs/dist/esm5/index.js",
      "file": "rxjs.js",
      "fileHash": "f51d7ef1",
      "needsInterop": false
    }
  },
  "chunks": {
    "chunk-W6LIXEQ5": {
      "file": "chunk-W6LIXEQ5.js"
    },
    "chunk-N7NNFL6S": {
      "file": "chunk-N7NNFL6S.js"
    },
    "chunk-S43TXFFI": {
      "file": "chunk-S43TXFFI.js"
    },
    "chunk-EPTJZU3Y": {
      "file": "chunk-EPTJZU3Y.js"
    }
  }
}